school,sex,age,address,famsize,Pstatus,Medu,Fedu,Mjob,Fjob,reason,guardian,traveltime,studytime,failures,schoolsup,famsup,paid,activities,nursery,higher,internet,romantic,famrel,freetime,goout,Dalc,Walc,health,absences,G1,G2,G3,G3_G1,trend,give_up
0,0,0,0,0,0,0,0,0,0,0,0,0,0,0,0,0,0,0,0,0,0,0,0,0,0,0,0,0,0,5,6,6,1,1,0
0,0,1,0,0,1,1,1,0,1,0,1,1,0,0,1,1,0,0,1,0,1,0,1,0,1,0,0,0,1,5,5,6,1,1,0
0,0,2,0,1,1,1,1,0,1,1,0,1,0,1,0,0,1,0,0,0,1,0,0,0,2,1,1,0,2,7,8,10,3,1,0
0,0,2,0,0,1,0,2,1,2,2,0,1,1,0,1,1,1,1,0,0,1,1,2,1,2,0,0,1,3,15,14,15,0,0,0
0,0,3,0,0,1,2,3,2,1,2,1,1,0,0,1,1,1,0,0,0,0,0,0,0,2,0,2,1,1,6,10,10,4,1,0
0,1,3,0,1,1,0,3,3,1,3,0,1,0,0,1,1,1,1,0,0,1,0,1,2,2,0,2,1,2,15,15,15,0,0,0
0,1,3,0,1,1,3,2,2,1,2,0,1,0,0,1,0,0,0,0,0,1,0,0,2,0,0,0,0,4,12,12,11,-1,0,0
0,0,1,0,0,0,0,0,2,0,2,0,0,0,0,0,1,0,0,0,0,0,0,0,3,0,0,0,2,0,6,5,6,0,0,0
0,1,2,0,1,0,2,2,3,1,2,0,1,0,0,1,1,1,0,0,0,1,0,0,1,2,0,0,2,4,16,18,19,3,1,0
0,1,2,0,0,1,2,0,2,1,2,0,1,0,0,1,1,1,1,0,0,1,0,1,4,3,0,0,1,4,14,15,15,1,1,0
0,0,2,0,0,1,0,0,4,3,3,0,1,0,0,1,1,1,0,0,0,1,0,2,0,1,0,2,3,4,10,8,9,-1,0,0
0,0,2,0,0,1,3,1,3,1,3,1,2,1,0,1,1,0,1,0,0,1,0,1,1,2,0,0,4,1,10,12,12,2,1,0
0,1,2,0,1,1,0,0,1,2,0,1,1,2,0,1,1,1,1,0,0,1,0,0,0,1,0,1,1,3,14,14,14,0,0,0
0,1,2,0,0,1,0,3,4,1,0,0,0,0,0,1,1,1,0,0,0,1,0,1,2,1,0,2,0,3,10,10,11,1,1,0
0,1,2,0,0,0,3,2,2,1,2,2,1,1,0,1,1,0,0,0,0,1,1,0,4,2,0,0,0,4,14,16,16,2,1,0
0,0,3,0,0,1,0,0,1,1,2,0,1,2,0,1,1,0,0,0,0,1,0,0,2,0,0,2,3,1,14,14,14,0,0,0
0,0,3,0,0,1,0,0,3,2,3,0,1,1,0,1,1,1,1,0,0,1,0,2,1,1,0,2,3,0,13,14,14,1,1,0
0,0,3,0,0,1,2,3,2,1,3,0,2,0,0,0,1,0,1,0,0,0,0,1,0,2,0,0,4,1,8,10,10,2,1,0
0,1,1,0,0,1,2,2,3,2,0,0,1,2,1,1,1,0,1,0,0,1,0,1,4,4,1,3,1,5,6,5,5,-1,0,0
0,1,3,0,1,1,0,3,1,1,2,1,1,2,0,1,0,1,1,0,0,1,0,2,3,1,0,1,1,1,8,10,10,2,1,0
0,1,2,0,0,1,0,3,4,1,3,0,1,0,0,1,0,0,0,0,0,1,0,0,2,3,0,0,2,4,13,14,15,2,1,0
0,1,2,0,0,1,0,0,1,3,1,1,1,2,0,1,1,1,0,0,0,1,0,1,2,2,0,0,1,4,12,15,15,3,1,0
0,1,3,0,1,1,0,2,4,1,0,0,1,0,0,1,0,0,1,0,0,1,0,0,4,3,0,1,1,3,15,15,16,1,1,0
0,1,3,0,1,1,3,2,2,1,3,0,0,0,0,1,1,0,1,0,0,1,0,1,2,0,1,3,1,4,13,13,12,-1,0,0
0,0,2,1,0,1,3,0,3,3,0,0,1,1,0,0,1,1,1,0,0,1,0,0,0,2,0,0,1,3,10,9,8,-2,0,0
0,0,3,0,0,1,3,2,3,2,2,0,1,2,2,1,1,1,0,1,0,1,0,3,1,2,0,1,1,6,6,9,8,2,1,0
0,1,2,0,0,1,3,2,2,1,2,0,1,2,0,1,1,1,0,0,0,1,0,0,1,2,0,2,1,3,12,12,11,-1,0,0
0,1,2,0,0,1,0,2,1,2,1,0,1,2,0,1,0,1,0,0,0,1,0,4,1,0,1,3,2,1,15,16,15,0,0,0
0,1,3,0,1,0,2,0,3,1,2,0,1,0,0,0,1,0,1,0,0,1,0,1,0,1,0,0,1,1,11,11,11,0,0,0
0,1,3,0,0,1,0,0,4,0,2,0,1,0,0,1,1,1,1,0,0,1,1,0,2,4,2,4,1,5,10,12,11,1,1,0
0,1,2,0,0,1,0,0,1,2,2,0,1,0,0,1,1,1,0,1,0,1,0,1,2,2,3,3,1,4,9,11,12,3,1,0
0,1,2,0,0,1,0,0,3,2,3,0,0,0,0,1,1,0,1,0,0,1,0,0,0,3,0,0,1,4,17,16,17,0,0,0
0,1,2,1,0,1,0,3,4,4,0,0,1,0,0,1,1,0,1,0,0,1,1,0,4,2,0,0,1,4,17,16,16,-1,0,0
0,1,2,0,1,1,2,3,2,1,0,0,1,0,0,1,0,0,1,1,0,1,0,1,0,2,0,0,3,4,8,10,12,4,1,0
0,1,3,0,0,1,2,2,2,1,2,0,1,2,0,1,1,1,0,1,0,1,0,1,2,1,0,0,1,4,12,14,15,3,1,0
0,0,2,0,0,1,3,3,2,1,1,1,0,2,0,1,1,0,1,0,0,0,0,2,4,3,0,0,1,4,8,7,6,-2,0,0
0,1,2,0,1,1,0,3,4,2,2,0,1,1,0,1,1,0,1,0,0,1,0,1,2,1,0,0,4,3,15,16,18,3,1,0
0,1,3,1,0,0,0,0,2,0,3,0,0,1,0,1,1,0,1,0,0,1,1,4,2,1,0,0,1,7,15,16,15,0,0,0
0,0,2,1,0,1,2,0,3,3,0,0,1,1,0,0,1,1,1,0,0,1,0,0,0,2,0,0,1,3,12,12,11,-1,0,0
0,0,2,1,0,1,3,2,0,1,3,0,1,2,0,0,1,1,1,0,0,0,0,0,0,3,0,0,3,8,14,13,13,-1,0,0
0,0,3,0,1,1,3,2,2,1,2,0,0,0,3,1,1,0,1,1,0,1,1,2,0,1,0,2,0,9,7,10,11,4,1,0
0,1,2,0,1,1,0,0,4,1,2,2,1,2,0,1,1,0,0,1,0,1,1,1,2,1,1,3,1,8,12,12,12,0,0,0
0,1,2,0,0,1,0,0,3,0,0,1,1,0,0,1,1,0,1,0,0,1,0,0,0,1,0,0,1,3,19,18,18,-1,0,0
0,1,2,0,0,1,3,2,3,2,0,1,1,2,0,0,1,0,0,0,0,1,0,1,2,3,0,0,2,4,8,8,11,3,1,0
0,0,3,0,1,1,3,2,2,4,0,1,0,0,3,0,0,0,1,0,0,1,0,0,0,1,1,2,1,6,10,10,9,-1,0,0
0,0,2,0,1,0,0,3,2,1,0,0,1,0,0,0,1,1,1,0,0,1,1,1,1,2,0,0,1,8,8,8,6,-2,0,0
0,0,3,0,1,0,2,3,2,2,2,0,1,0,0,1,1,0,0,0,0,1,0,4,0,4,0,3,0,10,11,12,11,0,0,0
0,1,3,0,0,1,0,3,1,2,3,0,1,3,0,1,0,0,1,0,0,1,0,0,1,2,0,0,3,1,19,19,20,1,1,0
0,1,2,0,0,1,0,2,4,1,2,0,1,0,0,1,1,1,0,0,0,0,0,0,0,1,1,2,1,3,15,15,14,-1,0,0
0,0,2,0,0,1,0,0,3,0,1,1,1,0,3,0,1,0,1,1,0,1,0,0,2,0,0,0,0,3,7,7,7,0,0,0
0,0,3,0,1,1,3,2,3,2,0,0,2,0,0,1,1,1,0,0,0,1,0,0,0,1,1,1,4,3,12,13,13,1,1,0
0,0,2,0,1,1,0,2,1,1,1,0,1,0,0,1,1,1,0,0,0,1,0,0,0,1,0,0,1,3,11,13,13,2,1,0
0,1,2,0,1,0,0,2,1,3,1,1,0,2,3,1,0,0,0,0,0,0,0,1,4,4,3,3,1,0,11,11,10,-1,0,0
0,0,2,0,0,1,0,0,3,2,0,0,1,2,0,0,1,1,0,0,0,1,0,2,0,0,1,1,1,4,8,10,11,3,1,0
0,0,2,0,1,0,2,3,2,1,1,0,1,2,0,1,0,1,0,0,0,1,0,1,0,0,4,3,2,0,10,13,13,3,1,0
0,0,3,0,0,0,3,1,2,1,1,0,1,0,0,1,0,1,1,0,0,1,1,1,0,0,0,0,3,8,8,9,10,2,1,0
0,0,2,0,0,0,0,3,3,2,3,0,1,0,0,1,1,1,1,0,0,1,0,0,0,2,0,0,2,4,14,15,15,1,1,0
0,1,2,0,0,1,0,0,4,3,3,0,1,0,0,1,1,0,1,0,0,0,0,2,1,2,0,0,1,1,14,15,15,1,1,0
0,1,2,0,1,1,1,2,2,4,2,1,1,0,0,0,1,0,1,0,0,1,0,0,0,2,0,0,1,3,9,10,9,0,0,0
0,0,3,0,0,1,0,2,3,1,0,0,1,0,0,1,1,0,0,0,0,1,0,0,1,1,0,0,1,3,15,16,16,1,1,0
0,0,3,1,0,1,0,0,1,0,1,0,1,0,0,1,1,0,1,0,0,0,0,4,2,0,1,1,4,0,10,11,11,1,1,0
0,0,3,0,0,1,1,1,3,2,0,1,3,2,0,0,1,0,1,1,0,1,1,1,4,4,2,4,1,0,10,8,11,1,1,0
0,0,3,0,1,1,1,2,2,2,3,1,1,0,0,0,0,0,1,0,0,1,0,0,2,1,0,0,2,1,8,10,9,1,1,0
0,0,3,0,0,1,0,3,4,3,2,0,1,1,0,0,1,1,1,0,0,1,0,2,2,0,1,3,4,3,10,9,9,-1,0,0
0,0,2,0,1,1,0,3,3,2,3,1,1,0,0,0,0,0,1,0,0,1,1,0,2,0,1,3,3,4,10,10,10,0,0,0
0,0,3,0,1,1,0,3,4,2,0,0,2,0,0,1,1,0,1,0,0,1,0,1,2,1,0,2,2,3,16,15,15,-1,0,0
0,1,2,0,0,0,0,0,2,2,3,0,1,3,0,1,1,0,1,1,0,1,1,3,0,1,2,4,0,1,13,13,12,-1,0,0
0,0,3,0,0,1,2,1,3,1,0,0,1,3,0,0,1,1,0,0,0,1,0,0,0,1,0,2,1,1,7,7,6,-1,0,0
0,0,2,1,1,1,3,2,1,2,3,0,0,0,0,0,1,1,0,0,0,1,0,0,3,1,0,1,4,3,8,9,8,0,0,0
0,0,2,1,1,1,2,1,2,1,3,1,0,3,0,1,1,0,0,1,0,1,0,0,2,2,1,1,0,10,16,16,16,0,0,0
0,1,3,0,0,1,2,1,2,1,3,1,0,3,0,1,1,1,0,0,0,1,0,0,0,2,0,0,1,4,13,15,15,2,1,0
0,1,2,0,0,1,0,2,2,1,0,0,1,3,0,1,0,0,0,0,0,1,0,2,0,1,0,0,0,4,10,10,10,0,0,0
0,0,2,1,0,1,1,1,2,1,3,0,1,0,2,0,1,0,0,1,0,1,1,2,0,0,1,3,1,3,8,6,5,-3,0,0
0,1,3,0,0,1,2,1,2,1,3,0,1,2,0,1,0,0,1,0,0,0,0,1,0,2,1,2,1,3,12,12,14,2,1,0
0,0,3,0,0,1,2,3,2,2,2,0,1,0,0,0,1,1,1,0,0,1,0,0,0,1,1,3,1,11,11,12,11,0,0,0
0,1,2,0,0,1,0,3,4,1,2,0,1,0,0,1,1,1,1,0,0,1,0,0,0,1,1,1,1,0,9,9,10,1,1,0
0,1,2,0,0,1,0,4,4,1,0,0,0,3,0,1,0,0,1,0,0,1,0,2,2,1,0,0,2,8,11,11,10,-1,0,0
0,0,3,0,0,1,3,2,2,1,3,0,1,3,0,1,0,1,0,0,0,1,1,1,1,1,0,1,0,4,11,11,11,0,0,0
0,1,1,0,0,1,3,1,2,1,2,0,0,2,1,0,1,0,1,0,1,1,0,0,4,3,0,0,0,3,8,8,10,2,1,0
0,0,3,0,0,1,2,0,0,1,0,0,1,0,0,1,1,0,0,0,0,1,0,4,2,1,0,2,0,10,5,5,5,0,0,0
0,1,2,0,0,1,3,3,2,2,0,1,1,2,0,0,1,1,1,1,0,1,1,2,1,2,0,1,0,3,10,12,12,2,1,0
0,1,2,0,0,1,3,3,2,1,2,0,1,1,0,0,0,1,0,1,0,1,0,1,0,2,0,2,1,1,11,10,11,0,0,0
0,0,2,0,1,1,2,2,3,1,3,0,1,0,0,1,1,1,0,0,0,1,0,0,2,0,0,0,1,2,7,6,6,-1,0,0
0,1,2,0,1,1,3,2,3,2,2,0,0,0,0,1,0,1,1,0,0,1,0,1,0,1,0,1,4,1,15,15,15,0,0,0
0,0,2,0,0,1,1,1,2,1,2,1,1,0,0,1,1,0,1,1,0,1,0,0,0,2,1,1,4,3,9,10,10,1,1,0
0,0,2,0,0,1,0,0,3,2,3,1,0,0,2,1,0,1,0,0,0,1,1,0,2,0,1,1,1,0,7,9,8,1,1,0
0,0,3,0,1,1,3,2,0,1,0,0,1,0,0,1,1,0,0,0,0,0,0,0,0,0,0,2,3,1,8,7,6,-2,0,0
0,0,2,0,0,1,0,2,2,1,3,0,1,1,0,1,1,0,1,0,0,1,0,1,0,1,0,1,2,1,13,14,14,1,1,0
0,1,3,0,0,1,3,2,3,1,3,1,0,0,3,1,0,1,1,1,0,1,0,0,2,2,0,0,0,10,11,10,10,-1,0,0
0,1,3,0,1,0,0,0,4,3,3,0,1,0,0,1,1,0,0,0,0,0,0,0,3,1,3,4,1,12,8,6,7,-1,0,0
0,0,3,0,0,1,2,3,2,1,2,0,1,1,0,1,1,1,0,0,0,1,1,0,0,1,0,1,4,4,7,7,8,1,1,0
0,0,2,0,0,1,0,3,3,1,3,0,1,2,0,1,0,1,1,0,0,1,0,0,4,4,0,1,2,1,16,17,18,2,1,0
0,0,3,0,1,1,2,1,2,1,2,1,1,0,0,0,1,0,0,0,0,0,0,2,0,1,1,1,3,1,7,6,6,-1,0,0
0,0,3,0,0,1,0,2,4,2,2,0,0,0,0,1,1,1,1,0,0,1,0,1,0,1,0,0,2,4,11,10,10,-1,0,0
0,1,2,0,1,1,3,2,3,3,3,0,1,3,0,1,1,0,1,0,0,1,0,0,0,0,0,0,4,0,11,13,14,3,1,0
0,0,2,1,0,1,1,1,0,1,2,0,0,3,3,0,1,1,1,0,0,1,0,2,3,2,0,0,2,3,7,10,10,3,1,0
0,1,3,1,0,1,0,3,3,1,3,0,0,2,0,0,1,0,1,1,0,1,0,2,0,1,0,0,4,3,11,15,15,4,1,0
0,0,3,0,0,1,3,1,2,1,0,0,1,0,0,1,1,1,0,0,0,0,1,0,0,4,0,0,1,3,8,9,10,2,1,0
0,0,3,0,0,1,0,0,2,1,3,0,1,2,0,1,0,0,1,1,0,1,0,1,0,0,0,2,2,0,11,14,14,3,1,0
0,0,3,0,0,1,0,3,2,4,0,0,1,1,0,0,1,1,0,0,0,1,0,1,0,4,0,0,0,4,7,9,8,1,1,0
0,1,3,0,0,1,0,0,3,2,1,0,1,2,0,0,1,1,1,0,0,1,0,0,4,4,2,4,4,6,7,7,5,-2,0,0
0,1,3,0,0,1,0,0,3,0,1,1,1,1,0,1,1,0,1,0,0,1,1,0,2,1,0,0,4,4,16,17,17,1,1,0
0,1,2,0,0,1,0,0,3,1,0,0,1,2,0,1,1,0,1,1,0,1,0,1,0,1,0,0,1,1,10,13,14,4,1,0
0,0,2,0,0,1,2,2,3,1,2,0,0,0,0,0,1,1,0,0,0,1,0,0,0,4,0,0,3,13,7,6,6,-1,0,0
0,1,2,0,0,0,2,0,3,1,0,0,1,0,0,1,1,1,1,0,0,1,0,1,2,0,0,0,2,4,16,18,18,2,1,0
0,0,2,0,0,0,2,3,2,3,3,1,1,3,0,0,0,0,0,0,0,0,0,0,0,1,0,0,4,2,10,11,11,1,1,0
0,0,2,0,0,1,3,2,2,1,0,0,1,3,0,0,1,1,0,0,0,1,0,1,3,2,0,0,0,8,7,8,8,1,1,0
0,1,3,0,0,1,2,3,3,1,2,1,1,1,0,1,1,0,1,0,0,1,0,1,0,1,0,0,1,3,16,18,18,2,1,0
0,1,2,1,0,1,0,0,2,1,2,1,3,3,0,1,1,1,1,0,0,1,1,3,0,4,3,4,2,0,10,13,13,3,1,0
0,0,3,0,1,1,0,0,1,3,1,0,1,1,0,1,1,1,1,0,0,1,1,1,2,4,0,0,4,1,14,15,16,2,1,0
0,1,2,0,1,0,0,0,4,0,0,0,1,2,0,1,0,0,1,0,0,1,0,1,4,1,0,0,4,0,18,19,19,1,1,0
0,0,3,1,0,1,2,3,3,1,3,1,1,1,3,0,1,0,1,0,0,1,0,0,3,2,0,0,3,4,7,10,10,3,1,0
0,0,3,0,0,1,3,2,0,1,2,0,1,0,3,0,0,0,1,0,0,1,0,2,3,2,0,0,1,0,10,13,13,3,1,0
0,1,2,0,1,1,0,2,4,1,0,0,1,2,0,1,0,0,0,0,0,1,0,2,4,2,0,0,0,2,18,19,19,1,1,0
0,1,2,1,0,1,3,1,1,2,3,0,1,0,0,1,0,0,1,0,0,1,1,1,2,2,0,0,1,8,9,9,9,0,0,0
0,1,3,0,0,1,0,0,4,0,0,1,1,0,0,1,1,0,1,0,0,1,0,1,2,0,0,2,1,3,15,15,16,1,1,0
0,1,2,0,0,1,0,0,2,0,3,1,0,0,0,1,1,0,1,0,0,0,0,0,2,1,0,0,3,3,11,13,14,3,1,0
0,1,3,0,0,1,2,3,2,2,2,1,0,2,0,1,0,0,1,0,0,1,0,1,2,2,0,0,1,4,13,14,13,0,0,0
0,1,1,1,0,1,1,3,2,1,0,1,2,0,3,1,1,0,1,0,0,1,0,1,1,0,0,3,1,14,9,7,8,-1,0,0
0,1,2,0,0,1,2,0,2,1,3,1,1,2,0,1,0,0,0,0,0,1,0,2,2,1,0,2,4,0,14,13,13,-1,0,0
0,0,2,0,0,1,1,2,0,2,0,0,1,0,0,1,0,0,0,1,0,1,0,2,1,1,0,2,2,3,16,15,15,-1,0,0
0,1,2,0,0,1,3,2,3,2,2,1,1,3,0,1,1,1,1,0,0,1,0,1,4,0,0,2,1,0,16,14,15,-1,0,0
0,0,3,0,1,1,3,0,2,3,0,1,0,0,0,1,1,1,1,0,0,1,1,0,1,2,0,2,1,3,13,13,13,0,0,0
0,1,3,0,0,1,0,0,1,1,0,0,1,2,0,1,1,0,1,0,0,1,0,2,2,0,0,3,1,12,14,11,13,-1,0,0
0,0,3,0,0,1,3,2,2,1,2,0,1,0,0,1,0,1,0,0,0,1,1,1,2,0,0,0,1,4,8,7,8,0,0,0
0,1,2,0,0,1,2,0,3,2,2,1,1,2,0,0,0,0,0,0,0,1,0,1,4,4,3,2,1,4,13,13,12,-1,0,0
0,0,2,0,1,0,2,0,2,1,2,0,1,0,0,0,0,0,1,0,0,1,1,1,0,2,0,0,2,4,7,10,11,4,1,0
0,0,4,0,0,1,4,1,0,1,0,2,1,0,1,1,1,0,0,1,1,0,0,2,2,2,0,0,1,3,7,8,9,2,1,0
0,1,0,1,0,1,3,2,3,1,3,0,1,2,2,1,1,0,1,0,0,1,0,2,0,1,0,2,4,4,7,4,0,-7,0,1
0,1,3,1,0,1,0,0,4,0,0,0,1,2,0,1,0,1,1,0,0,1,0,2,4,4,1,4,4,8,18,18,18,0,0,0
0,0,2,1,0,1,2,0,3,0,0,1,0,1,2,1,1,0,0,0,0,1,1,0,1,2,1,2,1,4,12,0,0,-12,0,1
0,0,2,0,0,1,1,1,0,1,0,0,2,2,0,1,1,0,1,1,0,1,1,0,0,1,0,2,4,4,8,0,0,-8,0,1
0,0,1,0,1,1,3,2,2,1,0,1,1,2,0,1,1,0,0,0,0,1,1,2,2,0,0,1,1,10,10,13,12,2,1,0
0,0,3,0,0,0,2,0,3,1,0,1,1,2,0,1,0,0,0,0,0,1,0,2,1,3,0,3,1,5,12,11,11,-1,0,0
0,1,2,1,0,1,2,0,0,0,0,0,3,0,0,1,1,0,0,0,0,0,1,1,0,1,0,0,1,4,9,0,0,-9,0,1
0,0,2,0,0,1,0,0,3,4,0,0,1,1,0,1,1,0,1,0,0,1,1,0,0,1,0,0,1,4,11,0,0,-11,0,1
0,1,1,1,0,1,2,0,0,1,0,0,2,0,0,1,0,0,0,0,0,0,0,1,2,4,1,3,1,4,10,0,0,-10,0,1
0,0,3,0,0,0,2,3,2,1,0,2,0,2,2,1,1,0,1,1,0,1,1,0,0,2,0,0,1,4,4,0,0,-4,0,1
0,1,3,0,1,1,1,1,3,1,0,0,1,0,3,1,0,0,0,0,0,0,1,0,2,0,0,1,1,4,14,12,12,-2,0,0
0,0,2,0,0,1,0,0,4,0,0,0,0,2,0,1,0,0,1,0,0,1,0,0,0,2,0,0,1,4,16,16,15,-1,0,0
0,1,2,0,0,1,0,3,4,2,0,1,0,3,0,0,1,0,0,0,0,1,0,4,1,2,0,0,0,4,7,9,0,-7,0,1
0,1,3,0,1,1,3,2,3,2,3,1,0,2,2,1,1,0,1,0,0,1,0,4,0,1,1,2,3,8,9,9,9,0,0,0
0,0,2,0,0,1,0,0,4,2,0,0,1,1,0,1,1,1,1,0,0,1,0,0,1,2,0,0,1,3,9,11,11,2,1,0
0,0,3,0,1,1,1,1,0,4,0,0,1,2,0,1,0,0,0,0,0,1,0,2,2,0,3,1,2,3,14,14,13,-1,0,0
0,1,1,0,0,1,3,1,2,1,2,0,1,2,1,1,1,0,0,0,0,1,0,1,2,4,0,2,1,4,5,0,0,-5,0,1
0,0,2,0,0,1,1,1,2,2,0,1,1,0,0,1,1,1,0,0,0,1,0,0,2,2,0,2,1,4,8,11,11,3,1,0
0,0,2,0,0,1,2,2,1,2,2,1,1,0,1,1,1,0,0,0,0,1,0,2,0,2,0,0,0,4,6,7,0,-6,0,1
0,0,2,0,0,1,1,2,0,1,0,0,1,0,0,1,1,1,0,1,0,1,0,0,0,2,0,0,1,3,10,11,11,1,1,0
0,1,3,0,0,1,0,0,4,0,0,0,1,2,0,1,1,0,0,0,1,1,1,2,0,2,1,0,1,4,7,6,0,-7,0,1
0,1,2,0,1,0,3,1,3,1,0,0,3,2,1,1,0,0,0,0,0,1,0,0,4,4,1,4,1,4,8,9,10,2,1,0
0,1,0,0,1,1,1,1,2,1,0,0,1,2,1,1,0,0,0,0,1,1,1,4,0,4,1,4,4,4,6,5,0,-6,0,1
0,1,3,0,1,1,3,1,0,1,0,0,1,2,3,1,0,0,1,0,0,0,1,0,2,0,3,4,1,0,12,13,14,2,1,0
0,0,2,1,0,1,2,3,3,2,3,2,0,1,2,1,1,1,1,0,0,1,1,0,1,3,1,1,0,8,10,10,10,0,0,0
0,1,4,0,0,1,2,2,3,4,2,0,1,2,1,1,1,0,0,0,1,1,1,0,4,0,0,0,4,4,5,0,0,-5,0,1
0,0,1,0,0,1,0,0,2,0,0,0,1,2,0,0,1,0,0,0,0,0,1,0,1,3,0,0,4,4,11,11,12,1,1,0
0,1,2,1,0,1,3,3,0,2,0,0,1,0,0,0,0,1,1,0,0,0,0,0,2,0,0,0,2,3,11,8,8,-3,0,0
0,1,1,1,1,1,1,2,2,1,3,0,1,2,0,1,0,0,0,0,0,0,0,4,1,2,3,1,1,8,16,12,13,-3,0,0
0,0,0,1,0,1,1,1,0,1,0,0,2,2,1,1,1,0,1,1,0,0,0,1,1,4,0,4,4,0,9,8,10,1,1,0
0,1,3,1,0,1,3,2,0,1,0,0,2,2,0,1,0,0,0,1,0,0,0,0,1,2,0,2,0,3,17,15,15,-2,0,0
0,1,3,0,0,1,2,3,2,2,0,1,1,0,3,1,1,1,0,0,0,1,1,0,4,4,4,3,1,1,10,12,12,2,1,0
0,1,1,1,1,1,3,1,0,1,0,0,0,2,2,1,0,0,1,0,1,1,1,2,0,2,1,2,1,4,7,6,0,-7,0,1
0,1,2,1,0,1,2,2,2,1,0,0,0,0,2,0,1,0,0,0,0,1,1,0,2,0,0,3,0,0,5,9,7,2,1,0
0,1,3,0,1,1,1,2,2,1,0,0,0,2,3,1,0,0,1,0,0,0,0,0,2,0,1,3,1,4,7,0,0,-7,0,1
0,1,1,0,0,1,1,3,0,2,0,1,1,2,0,1,0,0,0,0,1,1,0,1,0,1,0,3,3,3,10,10,10,0,0,0
0,1,1,1,1,1,1,1,2,2,0,0,3,0,1,1,0,0,1,0,1,0,1,1,0,4,0,4,1,4,5,8,7,2,1,0
0,1,3,0,0,1,2,2,3,2,0,0,0,2,3,1,1,0,1,1,1,0,0,0,4,2,0,0,3,5,12,11,12,0,0,0
0,1,3,0,0,1,3,2,2,1,0,1,1,0,0,1,0,0,0,0,1,1,0,0,0,4,1,3,4,1,10,10,10,0,0,0
0,0,3,0,0,1,0,2,1,2,2,1,1,0,0,1,0,1,0,0,0,1,1,0,1,1,0,0,0,4,14,15,16,2,1,0
0,0,3,0,0,1,3,2,2,1,2,0,1,0,0,1,1,1,0,1,0,1,0,1,3,4,0,0,4,4,6,7,0,-6,0,1
0,0,3,0,0,1,0,0,1,3,3,0,1,0,0,1,1,1,0,0,0,1,1,0,2,2,0,0,0,4,14,14,14,0,0,0
0,1,3,0,0,1,2,0,2,1,0,1,2,2,2,1,1,0,1,1,0,1,0,2,2,4,1,3,3,4,6,5,0,-6,0,1
0,1,3,0,0,1,1,4,2,1,3,0,0,0,0,1,1,1,1,0,0,1,1,0,0,2,0,0,0,3,13,15,16,3,1,0
0,1,1,0,1,1,0,0,4,1,3,0,1,0,0,1,1,1,1,0,0,1,0,0,2,0,0,1,1,4,13,11,10,-3,0,0
0,0,3,0,0,1,1,3,0,2,2,0,1,0,1,1,0,0,1,1,0,1,1,0,0,4,0,0,0,4,8,7,0,-8,0,1
0,0,3,0,1,1,2,3,2,1,3,0,0,0,0,1,1,1,1,0,0,1,0,0,2,4,0,0,4,1,10,11,9,-1,0,0
0,1,1,0,1,1,0,3,4,1,0,0,0,0,0,1,0,1,1,0,0,1,0,0,2,0,4,3,4,1,10,9,9,-1,0,0
0,0,3,0,0,1,3,2,3,1,3,0,0,0,0,1,0,1,1,1,0,1,0,2,2,0,0,3,1,3,13,13,11,-2,0,0
0,1,1,0,0,1,2,3,2,1,3,1,1,0,0,1,0,0,1,1,0,1,0,0,0,0,0,3,4,1,6,5,6,0,0,0
0,1,3,1,0,1,0,2,4,2,1,0,1,2,0,1,1,0,1,0,0,1,1,0,0,1,3,3,0,2,10,8,9,-1,0,0
0,1,1,0,0,1,0,3,2,1,0,0,1,0,0,1,1,0,1,0,0,1,1,1,1,1,0,0,3,1,10,10,11,1,1,0
0,1,3,0,0,1,0,3,4,1,2,0,1,0,0,1,1,1,1,0,0,1,0,2,2,1,1,1,0,2,9,8,8,-1,0,0
0,1,3,0,0,1,2,3,3,1,2,0,1,0,0,1,0,1,1,0,0,1,1,0,1,1,0,2,0,3,12,13,12,0,0,0
0,0,1,0,0,1,3,0,3,2,3,1,1,0,0,1,1,0,1,0,0,0,0,1,2,2,1,1,1,4,16,17,17,1,1,0
0,0,1,0,1,1,2,3,2,1,3,0,1,0,0,1,1,0,1,0,0,1,1,1,0,1,1,1,2,15,9,9,8,-1,0,0
0,0,3,0,0,1,2,2,2,1,3,0,1,0,0,1,1,1,0,0,0,1,0,3,1,2,0,2,2,6,12,13,12,0,0,0
0,1,1,0,0,1,2,3,3,2,1,0,1,0,0,1,1,0,1,0,0,1,1,0,0,0,1,1,4,10,12,12,11,-1,0,0
0,1,3,0,0,1,1,2,3,2,1,0,1,2,0,1,1,1,1,0,0,1,1,2,0,1,0,2,0,3,11,12,11,0,0,0
0,1,3,0,1,1,3,1,2,1,0,0,1,0,0,1,0,1,1,0,0,1,1,0,1,1,0,2,1,4,15,15,15,0,0,0
0,0,1,0,0,0,2,3,1,1,3,0,1,0,0,1,1,0,0,1,0,1,1,2,0,1,0,1,0,0,8,7,9,1,1,0
0,1,1,1,0,1,1,2,0,1,2,0,1,0,0,1,0,0,0,0,0,0,0,2,3,1,0,4,0,1,8,9,10,2,1,0
0,0,3,0,0,1,3,3,3,2,0,0,1,0,0,1,0,0,0,0,0,1,0,0,0,1,0,0,3,2,11,12,13,2,1,0
0,0,1,0,0,1,1,1,0,2,0,0,1,0,0,1,0,0,1,0,0,1,0,1,0,1,0,0,0,4,8,8,9,1,1,0
0,1,1,0,0,1,1,2,0,2,1,2,0,0,0,1,0,1,1,1,0,1,0,0,2,0,4,4,1,10,7,8,8,1,1,0
0,1,3,1,0,1,2,3,3,2,3,0,1,2,0,1,1,0,1,0,0,1,0,0,0,2,3,3,1,8,8,9,10,2,1,0
0,1,3,0,0,1,3,3,2,1,2,1,0,2,0,1,0,0,0,0,0,1,0,1,0,1,0,0,0,4,13,14,14,1,1,0
0,0,1,0,1,1,3,0,3,2,0,1,1,0,0,1,0,0,1,0,0,1,1,0,0,2,0,0,1,4,14,15,15,1,1,0
0,1,1,0,0,1,0,0,3,0,2,0,1,2,0,1,0,0,0,0,0,1,0,1,1,1,0,2,1,1,17,15,16,-1,0,0
0,1,3,1,1,1,2,3,4,1,2,1,2,2,0,1,1,1,1,0,0,1,0,2,0,0,3,4,0,8,9,9,10,1,1,0
0,0,1,0,0,1,0,0,3,0,2,0,0,2,3,1,1,0,0,0,0,1,0,0,1,0,1,1,3,16,18,18,18,0,0,0
0,0,3,0,1,1,0,0,4,0,3,0,1,0,0,1,1,1,0,0,0,1,0,0,4,2,0,2,0,4,9,9,10,1,1,0
0,0,3,0,0,1,0,3,1,1,2,0,1,0,0,1,1,0,1,0,0,1,0,0,0,4,0,4,3,3,16,16,16,0,0,0
0,0,3,0,0,1,3,3,2,1,3,0,1,0,0,0,1,1,1,0,0,0,0,0,2,1,0,1,4,0,8,10,10,2,1,0
0,0,1,0,0,1,1,1,2,1,0,0,1,0,0,1,1,1,0,1,0,0,0,0,2,0,0,1,2,1,9,9,10,1,1,0
0,0,1,1,0,1,3,2,2,1,3,0,1,2,0,1,1,0,0,0,0,1,0,1,0,2,0,2,0,12,7,6,6,-1,0,0
0,0,3,1,0,1,3,2,3,2,3,0,0,3,0,1,1,1,1,1,0,1,0,1,0,4,0,0,1,0,10,10,11,1,1,0
0,0,1,0,0,1,2,0,0,2,2,0,1,1,3,1,1,1,0,0,0,1,1,0,2,1,3,3,1,17,10,9,9,-1,0,0
0,0,3,0,0,0,2,1,3,1,0,0,1,0,1,1,1,1,0,0,0,1,0,4,0,1,1,2,4,18,7,7,7,0,0,0
0,0,3,0,0,1,0,3,4,1,1,0,1,0,0,1,0,1,1,0,0,1,1,3,0,2,0,0,2,2,11,12,13,2,1,0
0,0,3,0,0,1,1,1,0,1,2,0,0,2,0,1,1,1,0,0,0,0,0,0,0,2,0,3,1,0,9,9,10,1,1,0
0,0,1,1,0,1,0,3,4,1,3,0,0,1,0,1,1,1,1,0,0,1,1,0,2,2,0,0,4,0,7,7,7,0,0,0
0,0,4,0,0,1,2,3,2,1,3,2,1,3,0,1,1,1,1,0,0,1,0,0,0,1,0,2,0,2,8,8,8,0,0,0
0,1,1,0,1,1,0,0,3,1,2,0,1,0,0,1,1,1,0,0,0,1,1,1,0,4,4,4,0,19,12,12,13,1,1,0
0,0,3,0,0,0,3,2,2,1,3,0,1,0,0,0,1,1,0,0,0,1,0,2,0,0,0,0,4,4,12,13,14,2,1,0
0,1,0,0,0,1,3,2,3,1,2,0,1,0,3,1,1,1,1,0,0,1,0,0,2,0,1,3,1,20,6,7,8,2,1,0
0,0,1,1,1,1,0,0,3,1,1,0,1,2,0,1,1,1,0,0,0,0,0,1,1,3,0,2,0,10,8,10,10,2,1,0
0,0,1,0,1,1,2,2,2,1,3,0,0,0,0,1,0,1,0,0,0,1,0,0,2,0,0,1,2,3,14,15,15,1,1,0
0,0,1,0,0,1,0,3,2,1,3,0,1,0,2,1,0,1,0,0,0,1,1,2,2,4,1,3,2,21,6,6,4,-2,0,0
0,1,0,0,1,1,2,3,3,3,2,1,1,0,3,1,1,1,0,0,0,1,0,2,1,0,1,3,4,19,6,6,8,2,1,0
0,0,1,0,0,1,3,3,0,1,2,1,0,2,0,1,1,1,0,0,0,0,0,2,0,1,0,3,0,22,7,7,8,1,1,0
0,0,1,0,0,1,3,2,0,4,0,0,1,1,0,1,1,1,1,0,0,1,0,0,0,1,0,0,4,1,9,10,10,1,1,0
0,0,1,1,0,1,3,1,0,2,3,0,0,0,0,1,1,0,1,0,0,1,0,0,1,4,0,2,1,3,6,6,6,0,0,0
0,0,1,0,0,1,1,1,0,1,3,0,1,1,3,1,1,0,1,0,0,0,1,0,0,0,0,0,1,4,6,5,0,-6,0,1
0,0,3,0,0,1,3,3,3,0,1,0,1,0,0,0,0,0,0,0,0,1,0,4,0,3,0,0,0,3,16,16,17,1,1,0
0,1,0,0,0,1,3,2,2,1,2,0,0,0,0,1,1,1,0,0,0,1,0,2,0,1,2,4,4,4,12,13,13,1,1,0
0,0,3,0,0,1,0,0,4,2,2,0,1,1,0,1,1,0,1,1,0,1,0,1,0,2,0,0,1,4,13,13,14,1,1,0
0,0,0,1,0,1,2,1,2,1,3,0,1,0,3,1,0,0,1,0,0,1,1,1,0,1,0,0,4,5,9,8,7,-2,0,0
0,0,1,0,0,1,2,2,2,1,0,0,1,0,0,1,0,0,1,1,0,1,0,1,0,0,0,1,0,2,16,15,15,-1,0,0
0,1,1,0,1,1,3,3,3,2,3,1,1,0,0,1,1,1,0,1,0,1,0,1,0,1,0,1,0,3,12,11,12,0,0,0
0,1,0,0,1,1,3,1,0,1,0,0,3,0,0,0,1,1,1,0,0,1,1,0,0,2,4,4,0,6,10,8,9,-1,0,0
0,0,1,0,0,0,3,1,2,1,0,0,0,1,0,1,0,0,1,0,0,1,1,2,1,1,0,2,0,2,12,10,12,0,0,0
0,0,1,0,1,1,0,3,1,1,3,1,1,0,0,1,0,0,1,0,0,1,1,2,1,1,0,2,0,6,13,13,14,1,1,0
0,1,1,1,0,1,3,2,2,1,0,1,0,0,0,1,1,1,1,0,0,1,0,0,4,2,0,0,2,1,11,11,11,0,0,0
0,1,1,0,0,1,0,0,4,0,3,0,1,0,0,0,1,0,1,0,0,1,1,0,4,4,0,1,3,6,11,9,9,-2,0,0
0,1,3,0,0,1,0,0,1,1,3,1,1,0,0,1,1,1,1,0,0,1,0,0,1,0,1,3,2,3,14,13,13,-1,0,0
0,1,3,0,1,1,1,1,2,1,2,0,0,0,0,1,1,1,0,0,0,1,0,2,2,2,0,0,1,12,9,7,6,-3,0,0
0,1,3,0,0,1,2,2,0,1,3,0,0,1,0,1,0,0,1,0,0,1,1,1,0,1,0,1,3,2,11,9,10,-1,0,0
0,1,1,0,1,1,3,2,2,1,2,1,1,0,0,1,0,1,1,1,0,1,1,0,2,2,2,4,4,1,14,13,13,-1,0,0
0,0,3,0,0,1,3,1,2,1,2,0,1,2,0,1,0,0,0,0,0,1,1,0,4,2,0,0,1,14,13,12,12,-1,0,0
0,0,1,1,0,1,3,1,0,2,0,0,2,0,0,1,0,0,1,0,0,0,0,4,3,3,0,0,0,3,13,11,11,-2,0,0
0,1,0,0,0,1,3,2,2,2,3,1,1,0,3,1,0,0,0,0,1,1,0,1,4,0,3,4,3,4,7,7,0,-7,0,1
0,1,1,0,1,1,0,3,1,1,0,0,0,0,0,1,0,0,1,0,0,1,1,4,4,4,0,3,1,6,12,12,12,0,0,0
0,1,1,1,1,0,0,0,4,1,0,0,0,0,0,1,1,1,0,0,0,1,0,2,0,1,1,1,4,3,10,11,12,2,1,0
0,1,3,0,1,1,0,3,4,1,0,0,1,2,0,1,0,0,1,1,0,1,0,1,2,4,0,0,0,4,6,0,0,-6,0,1
0,1,3,0,0,1,0,0,3,2,0,0,1,2,0,1,0,0,1,0,0,1,0,1,0,2,0,2,1,4,13,12,12,-1,0,0
0,0,0,0,0,1,3,1,2,1,0,2,0,1,0,1,1,1,0,1,0,1,1,0,2,0,0,0,0,4,7,0,0,-7,0,1
0,1,3,0,0,1,3,1,2,1,0,0,2,2,0,1,0,0,0,0,0,1,0,0,0,1,0,0,4,0,18,18,18,0,0,0
0,1,1,0,0,1,3,3,2,1,0,1,0,2,0,1,0,0,0,0,0,1,0,1,1,2,0,0,3,1,12,12,13,1,1,0
0,1,5,0,0,1,2,1,3,2,1,0,1,2,1,1,0,0,0,1,1,1,1,1,2,4,2,4,2,5,6,8,8,2,1,0
0,1,0,1,1,1,2,3,2,2,0,0,1,0,3,1,1,0,0,0,0,1,1,0,0,1,0,1,1,8,3,5,5,2,1,0
0,1,3,0,0,1,4,2,2,1,1,0,1,2,0,1,0,1,0,1,0,1,0,0,0,2,1,3,1,4,13,15,15,2,1,0
0,1,0,0,0,1,2,2,3,1,0,0,0,2,3,1,0,0,0,0,1,1,0,0,2,4,1,3,1,4,6,8,8,2,1,0
0,1,3,0,0,1,2,3,0,1,3,2,2,0,0,0,1,0,0,1,0,1,0,1,0,1,0,1,3,0,7,10,10,3,1,0
0,1,0,0,0,1,3,1,3,2,1,0,1,2,3,1,0,0,0,1,1,1,0,2,1,4,1,4,1,1,6,9,8,2,1,0
0,1,3,1,0,1,3,1,2,1,0,0,0,2,0,1,0,0,1,1,0,0,0,2,0,2,0,1,0,4,8,9,8,0,0,0
0,1,1,1,0,1,3,1,2,1,0,0,1,2,0,1,0,0,0,1,0,1,0,0,2,2,1,3,1,4,8,12,12,4,1,0
0,1,1,0,1,1,1,1,1,1,0,0,0,2,3,1,1,0,1,0,0,1,0,0,2,0,0,2,1,3,7,9,8,1,1,0
0,0,1,0,1,1,0,2,4,2,3,0,1,3,0,1,1,1,1,0,0,1,0,0,1,1,0,0,4,0,14,12,13,-1,0,0
0,1,4,0,1,0,0,3,3,4,3,0,1,0,0,1,1,0,0,0,0,1,0,0,0,3,0,0,2,10,11,11,11,0,0,0
0,1,0,0,0,1,3,1,2,1,2,0,1,0,0,1,0,0,1,0,0,1,0,1,1,0,0,2,4,8,15,14,14,-1,0,0
0,0,1,0,1,1,3,2,3,2,0,1,1,3,0,1,0,1,1,0,0,1,1,2,2,3,0,0,3,4,10,9,0,-10,0,1
0,0,0,0,0,1,0,3,3,1,2,1,1,0,0,1,1,1,0,0,0,1,1,2,3,2,0,1,3,23,17,18,18,1,1,0
0,1,0,0,0,1,0,3,4,1,0,0,1,0,0,1,1,1,0,1,0,1,0,0,0,2,0,0,0,3,8,8,8,0,0,0
0,1,0,1,0,1,2,2,2,1,0,0,1,1,0,1,0,0,1,1,0,0,0,1,0,2,0,0,0,24,13,12,12,-1,0,0
0,0,1,0,0,1,2,3,2,1,2,0,1,1,0,1,0,0,1,1,0,0,0,2,1,1,0,0,4,1,10,9,9,-1,0,0
0,0,0,0,0,1,3,2,0,2,2,0,1,1,0,1,1,1,1,0,0,1,1,0,0,1,0,0,0,4,9,10,0,-9,0,1
0,1,0,1,1,0,2,0,2,1,3,0,0,0,0,1,1,1,1,0,0,1,0,0,1,4,3,3,2,19,17,17,17,0,0,0
0,1,1,0,0,1,2,1,3,1,1,0,1,0,0,1,0,1,1,0,0,1,1,1,2,0,3,3,1,3,9,9,10,1,1,0
0,0,0,1,0,1,0,0,4,1,3,0,0,0,0,1,0,1,1,0,0,1,0,0,0,0,1,2,4,8,12,10,11,-1,0,0
0,1,0,0,0,1,0,2,1,1,3,1,1,0,0,1,1,1,1,0,0,1,1,1,2,4,0,1,1,2,10,9,10,0,0,0
0,0,0,1,0,1,3,1,2,1,3,0,0,0,0,1,1,0,0,0,1,1,1,0,0,4,0,2,0,4,6,0,0,-6,0,1
0,0,4,0,0,1,2,3,2,2,2,2,1,0,2,1,1,1,1,0,0,1,0,0,0,4,3,1,1,20,9,9,9,0,0,0
0,0,0,0,0,1,3,3,2,2,3,1,1,3,0,1,1,1,1,0,0,1,1,0,4,4,0,1,3,1,15,14,14,-1,0,0
0,0,0,0,1,1,1,1,2,1,2,0,0,0,0,1,1,1,0,1,0,0,0,0,2,1,0,0,0,3,11,11,11,0,0,0
0,1,1,1,0,1,1,2,0,4,2,0,1,0,0,1,1,1,1,1,0,0,1,2,4,2,1,2,2,3,15,14,14,-1,0,0
0,0,1,0,0,1,3,0,0,3,3,0,0,0,0,1,1,1,0,0,0,1,1,0,0,1,0,0,2,3,10,10,10,0,0,0
0,0,1,0,1,1,3,2,3,1,0,0,0,0,0,0,1,1,0,0,0,1,1,0,2,0,1,1,1,0,12,12,12,0,0,0
0,0,0,1,0,0,2,2,2,2,2,0,0,0,0,1,0,0,0,1,1,1,1,0,3,3,0,0,1,25,10,9,9,-1,0,0
0,1,0,0,0,1,0,0,4,2,2,0,0,2,0,1,0,1,1,0,0,1,0,2,1,0,0,3,0,21,9,9,9,0,0,0
0,0,0,0,0,1,0,0,1,3,3,1,1,0,3,0,1,0,1,0,0,1,1,4,2,0,0,0,4,20,9,8,8,-1,0,0
0,1,0,0,1,1,0,3,4,2,0,0,0,2,0,1,0,1,1,0,0,1,0,0,1,1,0,2,2,8,10,11,10,0,0,0
0,1,1,0,1,0,0,1,3,1,2,0,0,2,0,1,0,1,1,0,0,1,1,0,4,0,1,3,1,26,8,8,8,0,0,0
0,1,1,0,1,0,2,2,4,2,2,0,1,2,3,1,0,0,0,0,0,1,0,0,2,0,3,3,0,27,11,9,10,-1,0,0
0,0,0,1,1,1,1,1,0,1,3,0,0,3,0,1,1,1,1,0,0,0,0,1,1,2,0,0,0,24,12,12,12,0,0,0
0,0,0,0,0,1,1,1,2,1,2,0,0,0,0,0,0,0,1,0,0,1,0,1,2,0,0,0,4,1,8,9,10,2,1,0
0,0,1,0,0,1,3,2,2,1,0,0,1,0,0,1,1,0,0,1,0,1,0,1,2,4,0,2,1,1,10,9,11,1,1,0
0,1,1,0,0,1,1,1,2,1,3,1,1,0,0,1,0,1,0,1,0,1,0,0,0,1,0,2,4,3,12,10,11,-1,0,0
0,0,0,0,0,1,3,2,0,4,1,0,1,1,0,1,1,1,0,0,0,1,0,0,0,1,0,2,3,18,18,18,19,1,1,0
0,0,1,0,0,1,1,1,3,0,3,0,1,1,0,1,1,1,0,0,0,1,0,0,0,1,0,0,0,0,13,12,12,-1,0,0
0,1,0,0,0,1,3,1,3,2,3,0,1,1,0,1,0,1,1,0,0,1,0,0,1,0,0,1,3,0,15,14,14,-1,0,0
0,1,0,0,1,0,0,0,4,0,3,0,1,0,0,1,1,1,1,0,0,1,0,1,2,1,0,0,3,28,15,13,15,0,0,0
0,1,0,0,0,1,0,2,4,1,2,0,1,0,0,1,1,1,1,0,0,1,1,0,0,2,0,3,1,29,12,11,11,-1,0,0
0,0,1,0,0,1,0,3,1,2,3,0,1,1,0,1,1,1,0,0,0,1,0,0,1,2,0,2,0,4,15,15,15,0,0,0
0,0,0,0,1,1,3,1,3,4,3,0,1,0,3,1,0,0,0,0,0,1,1,1,2,1,0,0,1,10,12,12,13,1,1,0
0,0,1,1,1,1,2,1,3,1,3,0,0,3,0,1,1,1,0,0,0,0,0,2,3,2,0,0,0,0,18,18,18,0,0,0
0,1,0,1,1,1,2,2,3,1,3,0,0,1,0,1,1,1,1,0,0,1,0,1,2,2,0,0,4,8,14,13,14,0,0,0
0,1,1,0,0,1,2,3,1,1,2,0,1,2,0,1,1,1,0,0,0,1,0,0,2,1,0,1,1,1,14,12,11,-3,0,0
0,0,4,0,0,1,0,0,1,1,3,2,0,0,0,1,1,1,1,0,0,1,0,4,0,0,1,1,3,4,10,9,0,-10,0,1
0,0,0,0,1,1,0,3,2,1,2,2,0,0,0,1,1,1,0,0,0,1,1,0,2,4,0,2,3,2,10,8,8,-2,0,0
0,0,0,0,0,1,0,3,2,1,3,1,1,3,0,1,1,1,0,0,0,1,0,0,0,1,0,0,0,4,14,13,14,0,0,0
0,1,0,0,1,1,0,0,4,0,2,0,1,2,0,1,1,1,0,0,0,1,1,3,2,2,1,2,2,18,16,15,16,0,0,0
0,0,0,0,1,0,0,0,1,1,2,0,1,0,0,1,1,0,0,0,0,1,1,0,1,0,0,0,4,6,12,10,11,-1,0,0
0,1,1,0,1,1,0,0,2,0,2,1,0,2,0,1,0,1,0,0,0,1,0,0,3,3,1,2,1,4,11,11,10,-1,0,0
0,0,1,0,0,1,0,2,2,1,3,0,0,1,0,1,1,1,0,0,0,1,0,0,0,1,0,0,0,4,15,12,14,-1,0,0
0,0,1,0,0,1,2,2,1,3,3,1,1,3,0,1,1,1,1,1,0,1,0,1,1,2,0,2,1,4,17,17,18,1,1,0
0,1,4,0,0,1,2,3,2,1,2,2,1,0,3,1,1,0,1,0,0,1,1,0,2,0,0,0,0,14,15,14,13,-2,0,0
0,0,0,0,0,1,3,0,3,4,3,2,1,0,3,1,1,1,1,0,0,1,0,0,2,1,0,0,0,8,14,12,12,-2,0,0
0,1,6,0,0,0,2,2,3,1,0,2,1,2,0,1,0,0,1,0,0,0,0,1,4,1,0,0,1,4,17,18,18,1,1,0
0,1,4,0,0,1,0,0,4,2,3,2,0,2,3,1,1,1,0,0,0,1,1,0,0,0,0,0,4,30,8,9,8,0,0,0
0,1,4,1,0,1,2,3,2,2,3,1,1,0,3,1,0,0,1,0,0,0,1,0,4,1,0,2,1,4,15,12,12,-3,0,0
0,0,4,0,1,1,1,1,0,1,3,2,1,0,3,0,1,0,1,1,0,1,0,0,2,1,0,1,0,12,12,10,10,-2,0,0
0,0,4,0,1,1,1,2,3,2,2,2,1,0,3,1,0,0,1,1,0,0,1,0,1,0,1,2,0,4,9,9,0,-9,0,1
0,0,4,0,0,1,3,1,0,1,1,2,2,0,0,1,1,0,0,0,1,1,1,2,2,3,0,0,3,14,14,12,13,-1,0,0
0,1,4,0,0,1,1,2,2,2,0,2,1,0,3,1,0,0,0,1,0,1,0,0,4,2,1,2,4,22,13,11,11,-2,0,0
0,0,4,0,1,1,2,2,3,1,3,2,0,0,3,1,1,1,0,1,0,1,1,0,1,2,0,2,2,21,13,10,11,-2,0,0
0,0,4,0,0,1,1,1,0,3,2,2,1,1,2,1,0,0,0,1,0,1,1,0,3,2,0,0,0,6,15,13,13,-2,0,0
0,0,4,1,0,1,3,3,2,1,3,2,1,1,3,1,0,0,0,0,0,1,1,0,3,2,0,0,0,31,13,11,11,-2,0,0
0,0,0,0,0,1,3,1,3,1,0,0,0,0,0,1,1,1,1,0,0,1,0,1,0,1,0,2,2,4,8,8,0,-8,0,1
0,0,0,0,0,1,0,3,2,1,0,0,1,1,0,1,1,1,1,0,0,1,1,0,0,0,0,0,1,28,9,10,9,0,0,0
0,0,1,1,0,1,2,0,0,2,0,1,1,1,0,1,1,1,1,1,0,1,0,0,0,0,1,4,1,4,11,11,10,-1,0,0
0,0,0,0,0,1,0,0,4,1,0,0,1,0,0,1,1,1,0,0,0,1,0,0,2,0,3,1,1,3,11,11,11,0,0,0
0,0,1,0,0,0,0,3,3,2,0,0,1,0,0,1,1,1,0,0,0,1,1,1,1,2,0,2,1,32,13,13,13,0,0,0
0,0,1,0,0,1,3,2,2,1,0,0,1,0,0,1,1,0,0,0,0,0,1,0,1,2,0,0,0,10,11,9,9,-2,0,0
0,0,1,1,1,1,3,2,3,2,0,0,1,1,0,1,1,1,1,0,0,1,0,2,0,2,1,2,0,22,11,11,11,0,0,0
0,0,1,0,0,1,2,1,3,2,0,1,1,1,0,1,1,0,0,1,0,1,0,2,2,1,1,1,1,24,12,14,15,3,1,0
0,0,1,0,1,1,4,2,0,4,2,1,0,1,0,1,0,0,0,0,0,1,0,2,0,1,1,1,3,4,16,15,15,-1,0,0
0,1,0,0,0,1,0,0,2,1,0,0,1,1,0,1,0,0,1,0,0,1,0,0,0,1,1,2,0,22,9,12,11,2,1,0
0,1,1,0,0,1,2,3,2,2,3,0,1,2,0,1,0,0,1,1,0,1,0,0,0,4,3,4,1,22,14,15,16,2,1,0
0,1,1,1,0,1,3,2,3,1,0,0,3,2,0,1,1,0,0,0,0,1,0,0,2,4,2,4,4,8,11,10,10,-1,0,0
0,0,1,0,0,1,0,0,4,2,0,0,1,1,0,1,1,1,1,0,0,1,0,1,2,0,0,1,4,7,10,9,9,-1,0,0
0,0,1,0,0,1,0,0,4,0,0,0,0,1,0,1,1,1,0,1,0,1,1,0,0,1,0,2,4,1,14,14,14,0,0,0
0,1,0,0,1,1,3,2,2,1,0,0,1,3,0,1,1,0,1,0,0,1,0,0,4,4,1,3,1,3,9,8,8,-1,0,0
0,0,1,1,0,1,3,0,0,1,0,1,1,1,0,1,1,0,0,0,0,1,1,0,2,1,0,0,1,7,12,14,14,2,1,0
0,0,0,0,0,1,2,3,3,2,2,0,1,0,0,1,0,0,1,0,0,1,0,1,0,0,0,0,4,4,7,0,0,-7,0,1
0,0,0,0,1,1,3,2,2,1,2,2,1,0,0,1,0,0,1,1,0,1,1,0,0,1,0,0,3,4,8,8,0,-8,0,1
0,0,0,1,0,1,3,2,0,1,0,0,0,3,0,1,0,0,1,0,0,0,0,0,2,0,0,0,4,4,10,9,0,-10,0,1
0,0,1,0,0,1,2,0,3,1,0,0,1,1,0,1,0,0,0,0,0,1,0,0,2,4,0,1,1,5,16,15,15,-1,0,0
0,0,4,1,0,0,2,1,3,4,2,2,1,1,3,1,0,1,0,0,0,0,0,1,2,1,0,2,1,10,14,13,13,-1,0,0
0,0,1,0,0,1,2,2,2,1,2,0,1,0,0,1,1,1,0,0,0,1,1,0,0,2,1,1,3,4,7,8,0,-7,0,1
0,0,0,0,1,1,2,3,3,2,2,0,1,3,0,1,1,0,0,0,0,1,0,1,0,1,0,0,2,7,16,15,17,1,1,0
0,0,1,1,0,0,2,2,2,1,2,0,1,0,0,1,1,1,0,0,0,1,0,0,0,1,1,1,3,1,9,10,10,1,1,0
0,0,4,0,0,1,3,1,3,2,2,2,1,1,3,1,0,1,1,0,0,1,1,0,0,0,0,1,0,1,11,12,11,0,0,0
0,1,0,0,0,1,0,0,4,2,2,1,1,0,3,1,1,0,1,0,0,1,0,0,0,1,1,2,3,4,10,10,0,-10,0,1
0,1,0,0,1,1,2,0,3,1,2,0,1,0,0,1,0,0,1,0,0,1,1,0,0,1,0,1,1,29,16,15,15,-1,0,0
0,0,1,0,0,0,3,2,0,4,2,1,1,0,3,1,1,0,0,0,0,1,1,2,0,3,0,2,4,4,9,8,0,-9,0,1
0,0,0,0,0,1,3,3,0,1,0,0,1,1,0,1,1,0,0,0,0,1,0,0,0,1,0,2,0,1,11,10,10,-1,0,0
0,0,0,0,0,1,2,2,2,2,1,0,1,1,0,1,0,0,0,0,0,1,1,1,2,1,1,1,2,7,13,13,14,1,1,0
0,1,0,1,0,1,0,3,4,2,0,0,1,1,0,1,0,0,0,0,0,1,1,1,0,2,0,2,4,28,16,15,16,0,0,0
0,1,0,0,0,1,0,3,4,1,0,0,1,1,0,1,1,1,0,0,0,1,1,1,2,4,1,1,1,4,10,10,9,-1,0,0
0,0,1,0,0,1,0,3,1,1,3,0,1,1,0,1,1,1,1,0,0,1,1,0,2,1,0,1,4,4,13,15,15,2,1,0
1,1,0,1,0,1,2,2,2,1,0,0,0,2,3,1,1,0,0,1,0,1,0,4,4,4,2,4,1,2,11,13,13,2,1,0
1,1,4,1,0,1,1,1,2,2,2,2,2,0,1,1,0,0,0,0,0,1,0,1,2,0,3,1,3,8,8,7,8,0,0,0
1,1,1,0,0,1,2,3,1,1,0,0,0,0,0,1,1,1,0,0,0,1,0,0,4,0,1,1,0,3,13,13,13,0,0,0
1,1,0,0,1,1,1,3,0,2,0,0,1,2,3,1,0,0,0,0,1,1,1,0,0,1,1,1,0,7,8,7,8,0,0,0
1,1,4,1,0,1,1,1,2,1,2,2,2,2,3,1,1,0,0,0,0,1,0,0,2,0,3,1,1,1,8,8,8,0,0,0
1,1,1,1,0,1,0,3,3,1,2,0,0,0,0,1,1,1,1,1,0,1,1,0,4,4,0,1,3,1,13,11,11,-2,0,0
1,0,0,0,0,1,2,3,3,2,0,1,1,0,0,1,1,0,0,0,0,0,1,1,0,0,0,0,1,4,10,9,9,-1,0,0
1,0,1,1,0,1,0,0,4,2,1,1,0,0,0,1,1,1,1,0,0,1,0,0,0,1,0,2,1,1,12,13,13,1,1,0
1,0,1,0,1,0,2,2,3,1,3,0,0,0,0,1,0,0,0,0,0,0,1,3,1,1,0,2,1,3,12,12,11,-1,0,0
1,1,0,0,1,1,1,1,2,2,2,1,0,2,0,1,0,0,0,1,0,1,1,2,0,2,0,2,0,1,10,10,10,0,0,0
1,0,0,0,1,1,1,1,0,2,0,1,0,1,0,1,0,0,0,0,0,1,0,1,0,2,0,0,4,4,18,16,16,-2,0,0
1,0,0,1,1,0,1,0,0,1,0,0,2,0,0,1,0,0,0,0,0,0,1,0,0,0,0,3,1,4,13,13,13,0,0,0
1,1,0,1,1,1,1,1,0,1,1,0,0,0,3,1,0,0,1,1,1,0,0,0,2,1,1,1,1,3,13,12,12,-1,0,0
1,0,0,0,0,1,2,3,3,2,1,0,0,0,0,1,1,0,0,0,0,1,1,0,0,2,0,1,0,4,11,11,10,-1,0,0
1,0,1,0,1,1,0,0,0,4,0,0,1,0,0,1,1,1,1,0,0,1,1,4,0,0,0,0,2,4,16,15,15,-1,0,0
1,0,1,1,0,1,1,2,2,2,0,1,0,0,0,1,0,0,0,1,0,0,0,2,1,2,0,2,0,4,12,11,12,0,0,0
1,1,0,1,0,1,1,3,0,1,0,0,0,0,0,1,1,1,0,0,0,0,0,2,0,0,1,3,0,1,10,10,10,0,0,0
1,1,0,0,1,1,0,0,4,2,1,0,0,1,0,1,0,1,0,0,0,1,1,0,1,2,1,2,1,4,13,13,13,0,0,0
1,0,1,1,0,1,1,1,2,2,3,0,2,2,3,1,1,1,0,0,0,1,1,1,1,3,0,2,2,4,7,6,0,-7,0,1
1,0,0,0,0,1,3,3,0,2,0,1,0,2,0,1,1,1,0,0,0,1,1,1,1,1,0,2,4,4,11,10,10,-1,0,0
1,0,0,1,0,1,0,0,2,0,1,1,2,0,0,1,1,1,0,1,0,1,1,2,1,2,4,2,1,2,14,12,11,-3,0,0
1,0,4,0,1,1,2,2,3,2,2,2,0,0,2,1,0,0,1,0,0,0,1,2,1,2,0,0,0,1,7,7,9,2,1,0
1,1,0,1,1,1,1,2,0,2,1,1,2,2,0,1,1,1,1,0,1,1,1,0,0,1,1,1,0,22,14,12,12,-2,0,0
1,0,1,0,0,1,3,2,2,4,2,0,1,1,0,1,0,0,1,0,0,0,1,2,2,1,0,0,0,8,13,11,11,-2,0,0
1,0,1,1,0,1,1,2,2,1,0,0,1,2,0,1,0,0,1,0,0,1,0,2,4,4,0,1,2,6,6,5,5,-1,0,0
1,0,0,1,1,1,0,0,2,1,3,0,0,1,0,1,0,0,0,0,0,1,0,1,2,0,0,0,2,4,19,18,19,0,0,0
1,0,0,1,0,1,1,1,2,1,2,0,3,1,0,1,0,0,0,0,0,1,0,0,0,2,0,2,4,3,8,8,10,2,1,0
1,0,6,0,0,1,0,2,1,1,0,2,0,1,2,1,1,1,0,1,0,1,1,1,2,1,0,0,0,1,15,14,15,0,0,0
1,0,0,1,1,1,0,0,4,2,0,0,1,0,0,1,0,1,1,0,0,1,0,1,2,1,3,3,3,1,8,9,10,2,1,0
1,0,0,0,0,1,2,3,2,1,2,0,1,0,0,1,0,1,0,0,0,1,1,0,3,1,0,2,2,4,15,15,15,0,0,0
1,0,1,1,0,1,2,1,0,1,3,0,1,0,0,1,1,1,1,1,0,1,0,0,4,0,1,1,2,33,10,10,10,0,0,0
1,1,0,0,0,1,0,0,4,0,2,1,1,0,0,1,0,1,1,1,0,1,0,2,1,0,0,3,3,1,15,14,14,-1,0,0
1,1,0,1,0,1,3,1,2,1,1,0,0,2,0,1,0,0,1,1,0,1,1,0,2,1,0,1,1,18,7,6,7,0,0,0
1,1,1,0,0,1,3,3,2,2,2,1,0,0,0,1,0,0,1,0,0,1,0,0,2,1,0,0,0,3,11,11,10,-1,0,0
1,1,4,1,0,1,1,1,2,2,1,0,0,2,3,1,0,0,0,0,0,0,0,0,0,2,0,1,1,4,6,5,0,-6,0,1
1,1,0,1,0,1,0,2,2,1,2,1,0,2,3,1,0,1,0,0,0,0,0,1,2,1,4,1,0,6,6,5,5,-1,0,0
1,0,0,1,0,1,3,2,0,1,1,0,0,1,0,1,0,1,0,0,0,0,0,1,0,1,0,1,4,3,10,9,10,0,0,0
1,0,0,1,0,1,0,0,4,4,3,0,2,2,0,1,1,1,1,0,0,1,1,0,2,1,1,2,1,7,6,5,6,0,0,0
1,0,4,1,0,1,3,3,3,1,0,0,1,1,3,1,0,0,1,1,0,1,0,1,2,2,0,2,1,4,7,5,0,-7,0,1
1,0,0,0,1,1,2,1,4,2,0,0,1,0,0,1,1,1,0,0,0,1,0,0,0,0,0,0,2,4,7,9,8,1,1,0
1,0,0,0,0,1,1,1,2,1,0,0,0,0,3,1,0,0,1,0,0,0,0,3,3,3,0,0,1,4,6,5,0,-6,0,1
1,1,6,0,1,0,3,2,3,2,0,2,1,0,2,1,1,1,0,0,0,0,0,1,4,0,4,4,4,29,9,9,9,0,0,0
1,1,1,0,1,1,2,1,3,2,0,0,0,2,0,1,0,0,0,1,0,1,0,4,2,4,3,3,3,22,14,16,16,2,1,0
1,1,7,1,0,1,1,1,2,1,0,2,1,2,1,1,0,0,0,1,0,0,0,1,4,1,3,1,0,22,10,8,7,-3,0,0
1,1,0,1,1,1,2,2,3,1,0,0,2,2,0,1,0,0,0,1,0,1,0,0,2,3,3,3,1,4,11,12,10,-1,0,0
1,1,4,0,1,1,1,1,2,4,0,1,1,2,0,1,0,0,0,0,0,1,0,2,1,1,3,1,1,18,8,9,9,1,1,0
